{
  "POST - Add Objects" : {
    "transaction" : "POST - Add Objects",
    "sampleCount" : 1,
    "errorCount" : 0,
    "errorPct" : 0.0,
    "meanResTime" : 696.0,
    "medianResTime" : 696.0,
    "minResTime" : 696.0,
    "maxResTime" : 696.0,
    "pct1ResTime" : 696.0,
    "pct2ResTime" : 696.0,
    "pct3ResTime" : 696.0,
    "throughput" : 1.4367816091954022,
    "receivedKBytesPerSec" : 1.1996565193965518,
    "sentKBytesPerSec" : 0.537389996408046
  },
  "Total" : {
    "transaction" : "Total",
    "sampleCount" : 2,
    "errorCount" : 0,
    "errorPct" : 0.0,
    "meanResTime" : 929.0,
    "medianResTime" : 929.0,
    "minResTime" : 696.0,
    "maxResTime" : 1162.0,
    "pct1ResTime" : 1162.0,
    "pct2ResTime" : 1162.0,
    "pct3ResTime" : 1162.0,
    "throughput" : 1.0638297872340425,
    "receivedKBytesPerSec" : 0.8492977061170214,
    "sentKBytesPerSec" : 0.2966048869680851
  },
  "GET - List Objects" : {
    "transaction" : "GET - List Objects",
    "sampleCount" : 1,
    "errorCount" : 0,
    "errorPct" : 0.0,
    "meanResTime" : 1162.0,
    "medianResTime" : 1162.0,
    "minResTime" : 1162.0,
    "maxResTime" : 1162.0,
    "pct1ResTime" : 1162.0,
    "pct2ResTime" : 1162.0,
    "pct3ResTime" : 1162.0,
    "throughput" : 0.8605851979345955,
    "receivedKBytesPerSec" : 0.6555238812392428,
    "sentKBytesPerSec" : 0.15799806368330466
  }
}