{
  "POST - Add Objects" : {
    "transaction" : "POST - Add Objects",
    "sampleCount" : 1,
    "errorCount" : 0,
    "errorPct" : 0.0,
    "meanResTime" : 469.0,
    "medianResTime" : 469.0,
    "minResTime" : 469.0,
    "maxResTime" : 469.0,
    "pct1ResTime" : 469.0,
    "pct2ResTime" : 469.0,
    "pct3ResTime" : 469.0,
    "throughput" : 2.1321961620469083,
    "receivedKBytesPerSec" : 1.7803005063965887,
    "sentKBytesPerSec" : 0.7974913379530917
  },
  "Total" : {
    "transaction" : "Total",
    "sampleCount" : 2,
    "errorCount" : 0,
    "errorPct" : 0.0,
    "meanResTime" : 755.5,
    "medianResTime" : 755.5,
    "minResTime" : 469.0,
    "maxResTime" : 1042.0,
    "pct1ResTime" : 1042.0,
    "pct2ResTime" : 1042.0,
    "pct3ResTime" : 1042.0,
    "throughput" : 1.3063357282821686,
    "receivedKBytesPerSec" : 1.0403484242325278,
    "sentKBytesPerSec" : 0.36421762736773355
  },
  "GET - List Objects" : {
    "transaction" : "GET - List Objects",
    "sampleCount" : 1,
    "errorCount" : 0,
    "errorPct" : 0.0,
    "meanResTime" : 1042.0,
    "medianResTime" : 1042.0,
    "minResTime" : 1042.0,
    "maxResTime" : 1042.0,
    "pct1ResTime" : 1042.0,
    "pct2ResTime" : 1042.0,
    "pct3ResTime" : 1042.0,
    "throughput" : 0.9596928982725528,
    "receivedKBytesPerSec" : 0.7272672744721689,
    "sentKBytesPerSec" : 0.17619361804222647
  }
}